{"highest_errors": [4262, 4261, 4233, 4390, 4256, 4389, 1865, 1870, 4239, 4244, 4243, 4268, 1869, 4252, 1864, 1868, 4258, 4232, 4228, 4238], "evas": -1.0036029108714786, "rmse": 0.30156867148538097}