{"highest_errors": [180, 182, 181, 1256, 185, 184, 183, 1055, 1258, 938, 1491, 1257, 186, 865, 852, 590, 187, 910, 1259, 851], "recall": 0.21491782553729458, "ave_accuracy": 0.48984771573604063, "precision": 0.21491782553729458, "f_score": 0.2972027972027972}